,DailyRate,HourlyRate,MonthlyRate,MonthlyIncome,PercentSalaryHike,StockOptionLevel
0,684.0,51.0,6462.0,19537.0,13,0
1,699.0,65.0,5678.0,19999.0,14,1
2,532.0,58.0,4933.0,19232.0,11,0
3,359.0,82.0,26703.0,17169.0,19,2
4,1319.0,45.0,7739.0,,12,1
5,117.0,58.0,2437.0,17174.0,11,1
6,1435.0,99.0,2354.0,,11,0
7,635.0,99.0,24532.0,,25,0
8,1276.0,91.0,5626.0,16595.0,16,1
9,840.0,64.0,3735.0,,17,1
10,247.0,55.0,20284.0,19973.0,22,2
11,1369.0,68.0,18235.0,13402.0,12,1
12,201.0,99.0,3376.0,13206.0,12,1
13,1360.0,49.0,16280.0,19545.0,12,0
14,692.0,61.0,13339.0,,11,0
15,1398.0,79.0,13022.0,18041.0,14,0
16,286.0,31.0,25761.0,19246.0,12,0
17,1402.0,69.0,24097.0,,23,0
18,819.0,48.0,26312.0,,11,0
19,884.0,80.0,25800.0,,13,2
20,1238.0,74.0,3395.0,10748.0,23,1
21,515.0,98.0,15146.0,,12,0
22,1223.0,59.0,8202.0,,13,3
23,202.0,33.0,12982.0,16752.0,11,1
24,928.0,56.0,2823.0,6201.0,14,1
25,607.0,66.0,23457.0,,20,1
26,266.0,57.0,25846.0,19845.0,15,1
27,429.0,53.0,2323.0,,11,0
28,589.0,79.0,22949.0,,12,1
29,,87.0,12313.0,4001.0,14,1
30,,81.0,26458.0,10447.0,13,1
31,1180.0,84.0,13084.0,,23,0
32,1282.0,58.0,10735.0,,11,1
33,776.0,32.0,23016.0,,14,0
34,665.0,41.0,12482.0,,14,0
35,526.0,92.0,2137.0,,25,3
36,1034.0,80.0,7744.0,16064.0,22,1
37,1403.0,47.0,20251.0,3210.0,11,1
38,1499.0,80.0,2845.0,10266.0,19,0
39,580.0,48.0,23772.0,10475.0,21,1
40,859.0,98.0,19124.0,6162.0,12,1
41,263.0,59.0,3119.0,4721.0,13,0
42,1376.0,,13938.0,,13,1
43,885.0,43.0,8269.0,,16,0
44,1003.0,74.0,21029.0,4615.0,23,3
45,1321.0,86.0,7636.0,,15,2
46,,30.0,25796.0,,20,0
47,394.0,92.0,19494.0,16959.0,12,2
48,1372.0,42.0,15881.0,,12,0
49,,65.0,24624.0,,11,0
50,1333.0,80.0,16292.0,,13,1
51,228.0,51.0,11380.0,,12,1
52,737.0,55.0,21530.0,10306.0,17,0
53,823.0,81.0,22539.0,,13,0
54,667.0,57.0,26236.0,,21,1
55,301.0,88.0,10436.0,5406.0,24,1
56,573.0,79.0,15717.0,,12,3
57,,96.0,5549.0,,14,0
58,1329.0,47.0,14590.0,5902.0,14,1
59,630.0,67.0,8552.0,10855.0,11,1
60,,62.0,9945.0,5914.0,16,0
61,1063.0,72.0,23866.0,,15,2
62,1017.0,82.0,19368.0,6646.0,13,0
63,1296.0,,5335.0,,23,1
64,939.0,,4161.0,13973.0,18,1
65,1355.0,78.0,22245.0,,14,0
66,1448.0,53.0,11737.0,13320.0,18,1
67,200.0,32.0,7744.0,,25,0
68,1202.0,89.0,13888.0,,20,3
69,404.0,98.0,6163.0,6687.0,11,0
70,208.0,52.0,12250.0,,12,1
71,813.0,50.0,21981.0,,15,3
72,465.0,41.0,11652.0,,19,1
73,1189.0,90.0,9867.0,4735.0,15,2
74,,79.0,13637.0,,18,3
75,1001.0,92.0,19271.0,,12,1
76,1394.0,58.0,18115.0,,16,1
77,161.0,42.0,15471.0,,25,1
78,288.0,99.0,15830.0,,19,3
79,682.0,37.0,24409.0,13872.0,13,0
80,1354.0,45.0,5615.0,,12,0
81,147.0,94.0,3465.0,,12,1
82,119.0,76.0,9647.0,,12,2
83,1413.0,42.0,6599.0,,14,1
84,452.0,81.0,18938.0,19045.0,14,0
85,334.0,88.0,15896.0,16015.0,19,0
86,1132.0,48.0,10942.0,9613.0,17,3
87,,92.0,15682.0,11510.0,14,1
88,982.0,59.0,4345.0,,11,1
89,480.0,31.0,4156.0,4306.0,12,1
90,1099.0,88.0,9314.0,17046.0,15,1
91,672.0,78.0,9129.0,,16,0
92,1379.0,64.0,6759.0,5067.0,19,0
93,583.0,57.0,6975.0,,11,1
94,1492.0,61.0,26542.0,,20,1
95,1050.0,65.0,17970.0,,13,1
96,117.0,60.0,6311.0,,13,1
97,469.0,46.0,9256.0,3692.0,12,0
98,,94.0,2493.0,,16,0
99,237.0,83.0,19196.0,19847.0,24,1
100,1440.0,55.0,4944.0,2308.0,25,1
101,1291.0,65.0,3525.0,,24,1
102,1157.0,57.0,11912.0,,14,1
103,1336.0,100.0,7129.0,,13,3
104,1224.0,91.0,13583.0,,12,0
105,735.0,86.0,26496.0,5747.0,15,0
106,,48.0,24032.0,10422.0,19,2
107,1389.0,51.0,10195.0,,11,1
108,638.0,40.0,3142.0,,13,1
109,1240.0,48.0,13982.0,6347.0,19,0
110,194.0,60.0,10901.0,2348.0,18,1
111,1339.0,41.0,8053.0,,12,1
112,111.0,66.0,11012.0,3072.0,11,2
113,,45.0,14074.0,,17,0
114,1469.0,81.0,15736.0,12490.0,16,2
115,470.0,84.0,23687.0,,13,1
116,1232.0,96.0,5100.0,8020.0,15,2
117,1249.0,97.0,20308.0,,18,1
118,117.0,99.0,5355.0,17068.0,14,0
119,798.0,48.0,14034.0,8943.0,24,1
120,672.0,54.0,21141.0,19272.0,15,1
121,549.0,75.0,9278.0,,14,2
122,570.0,30.0,5431.0,,13,3
123,1232.0,39.0,25713.0,,14,0
124,541.0,48.0,7246.0,,11,1
125,164.0,61.0,3809.0,,13,2
126,1117.0,83.0,9873.0,,23,0
127,619.0,85.0,18659.0,,11,0
128,319.0,56.0,6950.0,,21,1
129,956.0,78.0,22087.0,5577.0,12,2
130,1245.0,58.0,2125.0,,17,1
131,1397.0,42.0,7660.0,2691.0,12,1
132,527.0,63.0,5207.0,,13,0
133,213.0,49.0,25995.0,,11,0
134,,72.0,20206.0,,18,0
135,527.0,51.0,22477.0,7403.0,11,1
136,882.0,,6812.0,,13,1
137,330.0,65.0,24608.0,8823.0,18,1
138,406.0,,15596.0,,12,1
139,217.0,78.0,23238.0,,20,0
140,481.0,44.0,2447.0,,12,0
141,669.0,97.0,25755.0,,20,0
142,1465.0,63.0,9369.0,3579.0,21,1
143,685.0,85.0,23474.0,17779.0,14,0
144,1062.0,96.0,17198.0,,19,0
145,1099.0,88.0,8751.0,18213.0,11,1
146,177.0,37.0,25592.0,13577.0,15,1
147,1199.0,92.0,17477.0,19190.0,14,2
148,648.0,56.0,21833.0,,11,2
149,412.0,94.0,17334.0,17123.0,13,2
150,282.0,58.0,6992.0,19187.0,14,1
151,770.0,84.0,17588.0,,11,1
152,601.0,53.0,12023.0,10008.0,14,0
153,855.0,54.0,18706.0,,11,0
154,332.0,51.0,9769.0,7988.0,13,0
155,1326.0,81.0,15891.0,,18,0
156,748.0,74.0,16458.0,,13,0
157,405.0,93.0,2721.0,,24,1
158,790.0,40.0,7815.0,,23,0
159,1050.0,87.0,24456.0,,20,1
160,971.0,64.0,12288.0,7083.0,14,0
161,1370.0,87.0,16213.0,4723.0,18,0
162,750.0,46.0,25348.0,3407.0,17,2
163,880.0,36.0,10414.0,,24,0
164,678.0,35.0,20338.0,2929.0,12,0
165,1179.0,73.0,6069.0,,17,1
166,350.0,52.0,22577.0,,22,1
167,1266.0,63.0,6060.0,,13,1
168,574.0,30.0,16873.0,,17,1
169,189.0,71.0,25811.0,,18,1
170,,37.0,14811.0,,12,0
171,692.0,73.0,26849.0,,11,1
172,310.0,72.0,3666.0,,11,1
173,722.0,60.0,8828.0,12031.0,11,1
174,1219.0,78.0,22021.0,15427.0,16,0
175,994.0,37.0,2975.0,,15,0
176,721.0,58.0,10781.0,,23,0
177,853.0,71.0,11031.0,,22,1
178,427.0,,10877.0,6162.0,22,1
179,852.0,55.0,15998.0,5126.0,12,2
180,669.0,64.0,13596.0,9619.0,16,0
181,1334.0,63.0,19760.0,,12,3
182,1093.0,87.0,24301.0,5010.0,16,0
183,,94.0,11439.0,,13,2
184,967.0,43.0,15589.0,,14,0
185,465.0,56.0,4609.0,,12,1
186,989.0,46.0,6499.0,19033.0,14,1
187,1195.0,65.0,20462.0,,23,1
188,1045.0,32.0,25812.0,10400.0,11,0
189,829.0,88.0,20925.0,,22,0
190,663.0,47.0,10056.0,,14,3
191,319.0,41.0,2539.0,2793.0,17,1
192,1300.0,62.0,24447.0,,17,2
193,1105.0,47.0,6927.0,5674.0,15,1
194,906.0,91.0,16985.0,,14,1
195,849.0,81.0,26707.0,,17,1
196,1275.0,64.0,11934.0,,13,2
197,1218.0,52.0,8213.0,19197.0,14,1
198,422.0,41.0,3854.0,,11,0
199,1398.0,69.0,2890.0,8412.0,11,0
200,1274.0,,14394.0,,25,1
201,1076.0,70.0,3164.0,3348.0,11,0
202,1207.0,74.0,3297.0,,11,3
203,430.0,80.0,21146.0,5309.0,15,2
204,933.0,98.0,11806.0,,13,1
205,1184.0,43.0,5860.0,7654.0,18,2
206,,42.0,8842.0,12808.0,16,1
207,586.0,48.0,21816.0,,22,1
208,890.0,81.0,19028.0,,22,0
209,379.0,48.0,8891.0,,14,1
210,1425.0,68.0,4821.0,6586.0,17,1
211,1188.0,45.0,24406.0,,13,1
212,938.0,79.0,12287.0,2519.0,21,0
213,1053.0,70.0,13829.0,17099.0,15,1
214,722.0,38.0,20489.0,,11,0
215,248.0,42.0,14039.0,,15,1
216,796.0,51.0,15669.0,,11,0
217,174.0,56.0,11879.0,13120.0,17,1
218,408.0,45.0,11162.0,,13,1
219,,54.0,26342.0,3131.0,13,1
220,977.0,56.0,9961.0,,13,1
221,536.0,82.0,21708.0,,14,2
222,135.0,46.0,22534.0,4444.0,13,2
223,1476.0,55.0,16392.0,6674.0,11,3
224,587.0,57.0,8935.0,9852.0,19,1
225,495.0,,26582.0,17861.0,13,0
226,523.0,98.0,22455.0,,13,0
227,507.0,66.0,23553.0,,12,0
228,1055.0,76.0,22456.0,,21,1
229,1445.0,100.0,8931.0,7446.0,11,0
230,218.0,55.0,25178.0,13757.0,11,1
231,447.0,39.0,19764.0,16598.0,12,0
232,829.0,71.0,11929.0,,14,2
233,1029.0,91.0,21195.0,,19,0
234,674.0,47.0,3031.0,4285.0,17,0
235,,40.0,18611.0,10124.0,14,1
236,538.0,66.0,20933.0,,12,3
237,740.0,64.0,5323.0,9714.0,11,1
238,1245.0,80.0,12355.0,9924.0,11,1
239,1234.0,41.0,20689.0,11245.0,15,1
240,170.0,76.0,10302.0,3069.0,15,1
241,1130.0,66.0,19332.0,,12,1
242,584.0,91.0,18685.0,,25,1
243,918.0,35.0,15869.0,9241.0,12,0
244,792.0,77.0,8989.0,6472.0,15,1
245,611.0,88.0,4349.0,,14,0
246,,90.0,6194.0,3055.0,15,2
247,1383.0,90.0,25949.0,8321.0,13,1
248,867.0,90.0,6076.0,3143.0,19,1
249,,92.0,22128.0,,21,2
250,574.0,40.0,7003.0,,13,0
251,706.0,82.0,19989.0,8578.0,14,1
252,728.0,36.0,7018.0,,21,1
253,311.0,89.0,18624.0,4197.0,11,1
254,556.0,93.0,23888.0,,13,2
255,937.0,32.0,6770.0,9888.0,21,0
256,1125.0,48.0,5771.0,,21,0
257,1224.0,55.0,13586.0,,11,0
258,119.0,77.0,25098.0,13341.0,12,0
259,444.0,92.0,4258.0,5677.0,14,1
260,911.0,76.0,4077.0,,13,0
261,,98.0,17231.0,,18,2
262,585.0,,19788.0,,15,2
263,,61.0,24907.0,,23,1
264,1392.0,56.0,23159.0,2909.0,11,0
265,1005.0,79.0,11864.0,,13,0
266,,44.0,8787.0,9526.0,21,0
267,1299.0,94.0,16577.0,,13,2
268,,48.0,21173.0,6825.0,11,1
269,655.0,48.0,9528.0,,22,1
270,746.0,61.0,20682.0,4424.0,23,0
271,632.0,71.0,8423.0,5441.0,22,0
272,658.0,66.0,22887.0,6074.0,24,0
273,1467.0,92.0,22952.0,,14,1
274,1312.0,96.0,22310.0,,25,3
275,750.0,95.0,15480.0,6146.0,13,1
276,249.0,76.0,20739.0,6172.0,18,0
277,802.0,96.0,21196.0,,13,1
278,1355.0,61.0,8916.0,,23,1
279,689.0,35.0,22812.0,4668.0,17,3
280,1395.0,54.0,8504.0,5605.0,11,1
281,1436.0,34.0,16047.0,,20,1
282,1496.0,41.0,26283.0,4319.0,13,1
283,1480.0,30.0,15062.0,,12,0
284,,,4673.0,,13,1
285,313.0,98.0,7192.0,,18,0
286,894.0,99.0,11781.0,,16,0
287,290.0,65.0,22977.0,3564.0,12,1
288,1084.0,54.0,4185.0,6261.0,18,1
289,1002.0,92.0,23793.0,6804.0,15,2
290,1242.0,90.0,12916.0,,14,0
291,1052.0,57.0,16840.0,,12,0
292,944.0,92.0,9096.0,,14,0
293,465.0,39.0,21509.0,,20,0
294,771.0,79.0,21030.0,,18,0
295,1416.0,49.0,5949.0,19436.0,19,1
296,1327.0,39.0,19682.0,,18,1
297,488.0,75.0,14977.0,,12,1
298,1385.0,79.0,7501.0,,14,0
299,666.0,88.0,10268.0,,12,1
300,1315.0,71.0,19100.0,,18,1
301,442.0,44.0,20260.0,,18,0
302,147.0,37.0,15972.0,,19,1
303,950.0,48.0,8450.0,5828.0,12,0
304,218.0,100.0,12241.0,,11,1
305,,33.0,10675.0,2455.0,19,0
306,691.0,73.0,7143.0,,12,3
307,1018.0,74.0,10557.0,5055.0,16,0
308,,46.0,4317.0,4682.0,14,0
309,559.0,82.0,6227.0,5257.0,11,1
310,318.0,77.0,4759.0,2119.0,11,0
311,1130.0,56.0,3415.0,,18,1
312,144.0,39.0,11866.0,,14,2
313,1319.0,51.0,17001.0,5974.0,13,2
314,933.0,57.0,20156.0,,17,1
315,1171.0,46.0,22495.0,,13,1
316,143.0,56.0,9558.0,,18,0
317,1178.0,87.0,14862.0,,11,1
318,1107.0,95.0,26914.0,3034.0,12,1
319,906.0,86.0,18256.0,13212.0,11,3
320,645.0,49.0,19566.0,8392.0,16,1
321,1485.0,87.0,26314.0,,14,1
322,1116.0,49.0,7181.0,,14,0
323,1276.0,72.0,14295.0,,12,0
324,163.0,37.0,19658.0,4051.0,14,1
325,561.0,61.0,16177.0,4805.0,19,1
326,426.0,58.0,22808.0,2741.0,11,1
327,509.0,62.0,2112.0,,17,0
328,258.0,74.0,19921.0,5337.0,12,0
329,525.0,66.0,6219.0,,22,2
330,,72.0,19627.0,,13,1
331,238.0,34.0,7507.0,,20,0
332,482.0,36.0,9606.0,9434.0,15,1
333,397.0,88.0,6729.0,,15,1
334,243.0,46.0,7791.0,,20,0
335,806.0,76.0,18959.0,,18,1
336,1442.0,46.0,17654.0,,14,0
337,408.0,80.0,20978.0,,11,0
338,929.0,55.0,21703.0,5396.0,12,0
339,827.0,33.0,19383.0,,13,0
340,,,6009.0,,11,0
341,1018.0,39.0,19373.0,11159.0,15,0
342,703.0,42.0,11825.0,4960.0,12,0
343,294.0,32.0,4809.0,8793.0,21,2
344,314.0,59.0,19562.0,19189.0,12,1
345,654.0,67.0,3872.0,2216.0,13,0
346,427.0,63.0,20335.0,11713.0,14,1
347,501.0,99.0,25275.0,5304.0,23,1
348,,81.0,20420.0,11103.0,11,0
349,954.0,46.0,12388.0,6632.0,13,0
350,1434.0,76.0,14229.0,7587.0,15,0
351,657.0,66.0,25549.0,4335.0,12,1
352,240.0,75.0,26085.0,5980.0,12,0
353,791.0,38.0,9931.0,4244.0,24,1
354,570.0,66.0,16225.0,,13,1
355,676.0,35.0,23361.0,5228.0,15,1
356,,81.0,23779.0,2700.0,24,1
357,436.0,37.0,21519.0,,16,0
358,760.0,81.0,3698.0,,20,0
359,,88.0,20898.0,2366.0,14,1
360,661.0,61.0,7508.0,,13,0
361,1085.0,57.0,17725.0,,13,1
362,154.0,41.0,11737.0,2329.0,15,0
363,1283.0,52.0,11148.0,4294.0,12,0
364,616.0,41.0,17369.0,,11,2
365,498.0,93.0,13554.0,6725.0,12,1
366,530.0,51.0,5518.0,10325.0,11,1
367,805.0,57.0,23163.0,4447.0,12,0
368,903.0,41.0,2560.0,,18,0
369,1229.0,84.0,25952.0,,13,2
370,566.0,,24208.0,10845.0,13,1
371,1441.0,56.0,13943.0,,11,1
372,153.0,73.0,17802.0,,12,3
373,1066.0,32.0,3334.0,5472.0,12,0
374,135.0,62.0,12992.0,6385.0,14,2
375,145.0,95.0,24920.0,6347.0,12,1
376,1109.0,69.0,11135.0,,12,0
377,124.0,38.0,23537.0,7525.0,12,1
378,300.0,74.0,22217.0,,14,1
379,444.0,40.0,17323.0,,15,0
380,1366.0,72.0,12355.0,,12,0
381,857.0,59.0,7909.0,3660.0,13,0
382,1204.0,86.0,10333.0,,22,0
383,827.0,54.0,3129.0,,22,0
384,1219.0,32.0,4605.0,,15,1
385,770.0,,5569.0,8740.0,14,2
386,950.0,93.0,8039.0,,17,3
387,1082.0,83.0,11535.0,,11,1
388,203.0,84.0,13547.0,,11,3
389,1308.0,44.0,17544.0,,14,0
390,718.0,79.0,17689.0,,15,1
391,593.0,88.0,13782.0,13499.0,17,0
392,1384.0,82.0,13421.0,,22,1
393,819.0,44.0,19588.0,,18,1
394,1223.0,50.0,18640.0,,18,1
395,1361.0,94.0,21026.0,,15,3
396,1146.0,,4905.0,,12,1
397,,60.0,6865.0,,14,1
398,853.0,49.0,11309.0,3491.0,13,3
399,,52.0,10893.0,5220.0,18,1
400,1316.0,38.0,2338.0,,14,0
401,363.0,,4235.0,10252.0,21,1
402,1103.0,42.0,14377.0,,14,2
403,920.0,96.0,18625.0,19740.0,14,1
404,694.0,,3423.0,,14,2
405,1429.0,67.0,20002.0,,12,0
406,531.0,56.0,20364.0,,14,0
407,621.0,73.0,14075.0,,11,1
408,806.0,39.0,17285.0,,13,2
409,604.0,56.0,11693.0,6209.0,15,2
410,325.0,63.0,5747.0,7094.0,12,0
411,1030.0,64.0,21534.0,,19,0
412,524.0,32.0,13352.0,4534.0,11,0
413,943.0,86.0,5494.0,8500.0,11,1
414,1009.0,31.0,19461.0,,15,1
415,607.0,83.0,2261.0,4639.0,16,1
416,817.0,60.0,10846.0,5363.0,12,1
417,,85.0,9277.0,,17,0
418,,86.0,17491.0,,13,2
419,930.0,73.0,20003.0,4081.0,14,0
420,1147.0,31.0,16616.0,,14,1
421,652.0,100.0,23577.0,3578.0,12,0
422,337.0,84.0,22930.0,,12,0
423,971.0,54.0,5652.0,17328.0,19,0
424,1136.0,81.0,12414.0,,13,2
425,663.0,81.0,23099.0,,11,2
426,326.0,31.0,8386.0,10793.0,18,1
427,377.0,52.0,15986.0,,11,1
428,1038.0,95.0,19863.0,10851.0,18,1
429,1490.0,35.0,20948.0,10466.0,14,2
430,1246.0,77.0,23757.0,,14,2
431,224.0,100.0,7568.0,2362.0,13,0
432,441.0,39.0,7288.0,,13,1
433,898.0,38.0,17381.0,,21,0
434,,96.0,13693.0,6439.0,14,1
435,607.0,78.0,14618.0,,16,1
436,1313.0,31.0,3549.0,,14,1
437,1015.0,50.0,23447.0,5769.0,14,0
438,,52.0,24162.0,4385.0,15,1
439,426.0,42.0,17000.0,,13,1
440,1387.0,76.0,3835.0,,13,3
441,1302.0,,16290.0,4066.0,11,2
442,1329.0,59.0,5388.0,,19,2
443,602.0,37.0,10503.0,,11,0
444,772.0,77.0,4973.0,5206.0,17,2
445,809.0,36.0,22384.0,,14,0
446,,95.0,11740.0,2655.0,11,2
447,786.0,76.0,11925.0,2570.0,20,0
448,921.0,96.0,14810.0,,19,1
449,530.0,51.0,7439.0,4502.0,15,0
450,717.0,34.0,9697.0,,14,0
451,1370.0,49.0,5151.0,,16,1
452,1312.0,78.0,26427.0,4968.0,16,0
453,979.0,94.0,3088.0,,11,1
454,1283.0,62.0,10697.0,5147.0,15,0
455,953.0,65.0,17674.0,2718.0,14,0
456,244.0,97.0,5033.0,3539.0,13,0
457,196.0,91.0,13402.0,5468.0,14,2
458,303.0,84.0,13492.0,5813.0,18,0
459,1180.0,90.0,24442.0,,14,1
460,1092.0,64.0,2739.0,9667.0,14,0
461,261.0,66.0,10842.0,,22,1
462,589.0,67.0,19665.0,5154.0,22,2
463,1422.0,92.0,19246.0,5675.0,20,1
464,,64.0,14011.0,7314.0,21,3
465,1137.0,98.0,18991.0,,11,1
466,511.0,89.0,26997.0,,14,0
467,1396.0,83.0,14842.0,,13,1
468,1096.0,61.0,7102.0,,18,1
469,,42.0,19255.0,,12,1
470,1169.0,64.0,2125.0,,18,1
471,1239.0,39.0,22914.0,,18,1
472,157.0,95.0,20006.0,,13,0
473,954.0,44.0,5099.0,,14,0
474,754.0,63.0,21075.0,,11,0
475,1303.0,,18079.0,,20,3
476,697.0,40.0,26862.0,,20,1
477,1395.0,48.0,18698.0,5098.0,19,0
478,501.0,95.0,21653.0,,13,1
479,116.0,52.0,5340.0,,13,0
480,557.0,94.0,12695.0,,19,2
481,582.0,60.0,5640.0,13570.0,23,1
482,704.0,95.0,8978.0,6712.0,21,2
483,,100.0,5982.0,,11,1
484,613.0,42.0,21457.0,9991.0,15,1
485,419.0,53.0,21293.0,,11,0
486,477.0,42.0,2094.0,10248.0,14,1
487,1211.0,98.0,20445.0,,21,0
488,857.0,91.0,12888.0,,13,1
489,505.0,64.0,6420.0,10938.0,25,0
490,269.0,56.0,8007.0,2593.0,11,1
491,553.0,74.0,23364.0,11878.0,11,2
492,1296.0,62.0,18264.0,8095.0,13,0
493,1277.0,56.0,24619.0,,12,0
494,302.0,75.0,20364.0,,15,0
495,427.0,73.0,8861.0,,15,3
496,975.0,55.0,23398.0,,19,0
497,621.0,31.0,10084.0,16856.0,11,0
498,1318.0,66.0,5594.0,,14,1
499,249.0,35.0,17783.0,4537.0,22,1
500,881.0,98.0,4544.0,17924.0,11,1
501,1137.0,51.0,19170.0,4014.0,25,1
502,466.0,65.0,7060.0,12742.0,16,1
503,945.0,82.0,5083.0,,13,0
504,509.0,43.0,18863.0,3376.0,13,0
505,1376.0,91.0,2326.0,10482.0,14,1
506,469.0,35.0,14399.0,,17,1
507,994.0,87.0,15322.0,,19,0
508,433.0,37.0,6004.0,,13,1
509,991.0,44.0,22957.0,,12,0
510,482.0,87.0,2690.0,4249.0,11,0
511,1083.0,96.0,3173.0,6549.0,14,2
512,136.0,32.0,22074.0,,13,1
513,333.0,88.0,24450.0,14411.0,13,0
514,685.0,60.0,23037.0,19586.0,21,1
515,1462.0,38.0,4658.0,8237.0,11,1
516,722.0,84.0,22102.0,3211.0,14,1
517,,48.0,17119.0,16704.0,11,0
518,1277.0,74.0,5596.0,,12,1
519,1131.0,77.0,23844.0,4774.0,19,1
520,300.0,56.0,17312.0,,11,0
521,1023.0,63.0,13243.0,,14,0
522,153.0,49.0,12682.0,,12,0
523,1065.0,72.0,10034.0,4568.0,20,0
524,1115.0,51.0,2689.0,5993.0,18,1
525,1195.0,95.0,22656.0,6499.0,13,0
526,1316.0,83.0,9752.0,3452.0,13,0
527,665.0,60.0,22673.0,,19,0
528,1479.0,84.0,26767.0,6397.0,20,1
529,304.0,92.0,20750.0,,16,0
530,1368.0,,4386.0,,11,3
531,828.0,77.0,8346.0,,13,0
532,799.0,59.0,23848.0,,17,0
533,142.0,69.0,24666.0,,13,1
534,446.0,65.0,15701.0,,12,1
535,691.0,89.0,21630.0,2725.0,11,2
536,1246.0,99.0,7999.0,,11,1
537,254.0,83.0,22794.0,3622.0,13,1
538,1410.0,71.0,16673.0,,20,2
539,883.0,32.0,22807.0,6180.0,23,0
540,304.0,60.0,18686.0,6274.0,22,0
541,121.0,86.0,7530.0,4381.0,11,0
542,950.0,59.0,18869.0,,21,0
543,1343.0,53.0,17852.0,2559.0,11,0
544,827.0,84.0,20161.0,5488.0,13,1
545,1107.0,93.0,26968.0,2514.0,22,1
546,490.0,61.0,17940.0,,14,2
547,1400.0,70.0,5829.0,,20,0
548,1179.0,78.0,12449.0,3196.0,12,3
549,1117.0,72.0,19982.0,,13,1
550,1332.0,80.0,17089.0,,12,0
551,583.0,53.0,9973.0,,20,0
552,465.0,74.0,10205.0,3420.0,12,1
553,1413.0,84.0,25470.0,,14,0
554,1200.0,,25174.0,4087.0,14,1
555,977.0,45.0,25518.0,,13,2
556,530.0,36.0,16130.0,5368.0,25,1
557,1093.0,82.0,24164.0,12936.0,11,0
558,1102.0,94.0,19479.0,,11,0
559,809.0,84.0,16479.0,,13,1
560,1328.0,76.0,4956.0,,23,1
561,548.0,66.0,7346.0,,17,2
562,1214.0,30.0,26278.0,,18,0
563,,,21698.0,,11,0
564,120.0,43.0,8863.0,4221.0,15,0
565,240.0,46.0,26959.0,,11,0
566,441.0,72.0,4510.0,4963.0,18,3
567,841.0,46.0,23300.0,,19,0
568,1033.0,41.0,10224.0,4200.0,22,0
569,,75.0,23910.0,,14,0
570,1452.0,53.0,17053.0,,15,0
571,120.0,43.0,12430.0,,20,0
572,1268.0,30.0,6319.0,5006.0,11,1
573,,37.0,5228.0,,14,3
574,121.0,35.0,24525.0,7639.0,22,3
575,,90.0,4381.0,,12,1
576,813.0,58.0,22149.0,,13,1
577,307.0,71.0,11652.0,,11,0
578,228.0,,22825.0,6502.0,14,1
579,797.0,96.0,15815.0,,14,2
580,555.0,77.0,14864.0,13525.0,14,1
581,1377.0,74.0,5242.0,,11,0
582,210.0,73.0,22107.0,6349.0,13,1
583,483.0,,10110.0,,15,0
584,921.0,98.0,17663.0,,20,1
585,575.0,68.0,6110.0,6380.0,12,2
586,1311.0,97.0,23258.0,,13,0
587,575.0,73.0,6582.0,3102.0,22,0
588,759.0,46.0,22553.0,,12,2
589,891.0,99.0,12090.0,,11,0
590,1082.0,83.0,19558.0,,11,0
591,319.0,,19609.0,,14,0
592,532.0,92.0,12932.0,4556.0,11,1
593,317.0,43.0,24793.0,,20,0
594,144.0,46.0,19225.0,4230.0,15,0
595,688.0,44.0,25291.0,,21,1
596,195.0,80.0,6698.0,4859.0,16,0
597,622.0,40.0,26376.0,,11,0
598,646.0,92.0,18089.0,6322.0,12,1
599,719.0,77.0,10339.0,,12,0
600,1012.0,,2373.0,,12,1
601,930.0,74.0,19239.0,10761.0,12,1
602,1278.0,77.0,8635.0,,21,0
603,1222.0,48.0,14871.0,,19,1
604,1231.0,54.0,21222.0,2973.0,15,1
605,1383.0,42.0,7790.0,5204.0,11,2
606,462.0,68.0,7824.0,,17,0
607,231.0,62.0,9977.0,,11,1
608,,66.0,6615.0,17399.0,22,1
609,1089.0,66.0,11038.0,,14,1
610,1082.0,41.0,8392.0,,11,1
611,1240.0,63.0,12154.0,,19,1
612,1262.0,35.0,16154.0,16885.0,22,0
613,439.0,70.0,8770.0,,15,0
614,528.0,100.0,7108.0,4323.0,17,0
615,647.0,45.0,2253.0,5155.0,13,0
616,1097.0,96.0,10826.0,2936.0,11,0
617,942.0,69.0,26933.0,,18,1
618,147.0,99.0,8429.0,,13,1
619,966.0,53.0,9659.0,,17,1
620,168.0,33.0,9946.0,18789.0,14,1
621,,72.0,12858.0,,18,0
622,1089.0,79.0,22845.0,4883.0,18,1
623,299.0,57.0,17235.0,,12,0
624,999.0,92.0,15891.0,2029.0,20,3
625,1498.0,44.0,3567.0,,12,2
626,1439.0,54.0,5182.0,2996.0,15,0
627,1111.0,61.0,19293.0,,13,0
628,1485.0,71.0,3449.0,,21,1
629,258.0,54.0,17363.0,,13,0
630,1174.0,99.0,20763.0,9278.0,16,0
631,172.0,,22604.0,,16,0
632,,42.0,15211.0,4162.0,12,2
633,401.0,86.0,3708.0,,17,1
634,866.0,,23490.0,,18,0
635,1099.0,82.0,8192.0,,11,0
636,571.0,,24200.0,,17,1
637,676.0,86.0,21831.0,,14,0
638,950.0,97.0,4585.0,,20,1
639,1342.0,47.0,19345.0,,12,0
640,995.0,87.0,24483.0,8853.0,19,1
641,118.0,84.0,11262.0,,15,1
642,990.0,87.0,5855.0,4876.0,12,1
643,241.0,48.0,5348.0,2141.0,12,1
644,,54.0,14199.0,7756.0,19,1
645,1470.0,71.0,9953.0,3936.0,11,1
646,492.0,66.0,7693.0,,21,0
647,1040.0,79.0,26308.0,6842.0,20,1
648,1320.0,93.0,20586.0,3989.0,11,0
649,146.0,79.0,13970.0,4930.0,14,0
650,163.0,30.0,6670.0,,20,0
651,1153.0,40.0,16376.0,3702.0,11,1
652,185.0,91.0,9696.0,2705.0,16,1
653,750.0,47.0,10748.0,4448.0,12,1
654,1297.0,,19826.0,2379.0,14,0
655,337.0,54.0,26841.0,,21,1
656,217.0,43.0,10410.0,5487.0,14,0
657,1064.0,42.0,13738.0,,15,0
658,1351.0,66.0,9238.0,2810.0,22,0
659,930.0,57.0,12227.0,8938.0,11,1
660,468.0,73.0,8489.0,,14,0
661,,74.0,3787.0,9936.0,19,0
662,1218.0,82.0,6986.0,,23,0
663,1273.0,72.0,21923.0,,12,2
664,1141.0,42.0,3193.0,,19,2
665,1488.0,75.0,4009.0,5454.0,21,1
666,653.0,50.0,5456.0,,11,0
667,989.0,43.0,16701.0,18740.0,12,1
668,1225.0,57.0,24668.0,5473.0,11,0
669,530.0,78.0,14115.0,13503.0,22,1
670,1217.0,60.0,24001.0,13549.0,12,1
671,,73.0,9755.0,18172.0,19,0
672,142.0,,13871.0,,12,0
673,1127.0,52.0,13257.0,2774.0,12,1
674,1189.0,87.0,14506.0,,12,0
675,1427.0,35.0,11162.0,,13,0
676,303.0,75.0,11314.0,,18,1
677,334.0,83.0,23402.0,9439.0,16,1
678,702.0,,12930.0,,22,0
679,,70.0,21728.0,,22,0
680,926.0,36.0,16439.0,5265.0,16,1
681,878.0,43.0,5972.0,3815.0,17,1
682,334.0,52.0,22967.0,,15,0
683,896.0,86.0,14961.0,2389.0,13,0
684,1401.0,56.0,20990.0,,11,1
685,675.0,85.0,18384.0,4000.0,12,2
686,1070.0,45.0,21016.0,17584.0,16,3
687,496.0,60.0,22722.0,,13,1
688,1117.0,66.0,4488.0,,21,0
689,1476.0,68.0,4824.0,5661.0,19,0
690,390.0,32.0,17056.0,,13,1
691,1220.0,85.0,20938.0,,12,0
692,928.0,31.0,16885.0,4869.0,12,0
693,1124.0,57.0,13273.0,,22,3
694,746.0,61.0,16928.0,4649.0,14,1
695,1046.0,100.0,2755.0,10496.0,15,0
696,1448.0,62.0,21972.0,,16,0
697,1400.0,53.0,16734.0,,15,1
698,1303.0,62.0,8416.0,2768.0,12,1
699,587.0,38.0,6705.0,3408.0,13,3
700,635.0,32.0,15318.0,,14,0
701,267.0,,13430.0,,14,0
702,443.0,48.0,17872.0,3755.0,11,1
703,703.0,66.0,7428.0,,20,2
704,1287.0,55.0,14168.0,,16,1
705,798.0,66.0,5013.0,2187.0,12,2
706,1420.0,85.0,16346.0,,11,1
707,562.0,50.0,23452.0,,14,1
708,650.0,37.0,4344.0,,14,1
709,141.0,44.0,18767.0,,15,1
710,715.0,41.0,26589.0,4258.0,18,1
711,,,3064.0,5326.0,17,0
712,376.0,,22670.0,5485.0,11,2
713,571.0,82.0,19905.0,2782.0,13,2
714,691.0,64.0,6881.0,17639.0,16,0
715,932.0,43.0,4051.0,6062.0,13,1
716,471.0,45.0,4284.0,6288.0,15,1
717,180.0,65.0,21632.0,3424.0,13,0
718,638.0,91.0,22162.0,,12,1
719,141.0,98.0,14363.0,4194.0,18,0
720,1265.0,95.0,23726.0,,13,1
721,1075.0,57.0,22650.0,,11,1
722,1086.0,62.0,6054.0,2532.0,14,3
723,152.0,85.0,19899.0,5666.0,13,0
724,974.0,91.0,11005.0,,14,2
725,853.0,,11275.0,,12,1
726,217.0,94.0,6881.0,,15,1
727,715.0,69.0,21829.0,13726.0,13,0
728,1234.0,90.0,5404.0,,13,1
729,788.0,36.0,8318.0,,16,0
730,124.0,35.0,13848.0,4107.0,15,0
731,921.0,66.0,25265.0,,13,2
732,192.0,59.0,11141.0,,16,2
733,,67.0,19911.0,,17,0
734,477.0,49.0,6409.0,3597.0,22,0
735,852.0,72.0,2706.0,,18,1
736,1372.0,85.0,9489.0,,13,0
737,1329.0,61.0,13192.0,4115.0,19,3
738,150.0,60.0,17433.0,,11,1
739,,79.0,12858.0,6272.0,16,1
740,,57.0,20623.0,,14,0
741,1167.0,76.0,3208.0,2517.0,11,3
742,206.0,99.0,4022.0,,14,0
743,,66.0,4297.0,,17,1
744,736.0,48.0,24232.0,,11,1
745,322.0,59.0,9731.0,,11,1
746,683.0,36.0,4050.0,3904.0,12,0
747,1475.0,97.0,22710.0,,20,0
748,560.0,91.0,20284.0,,14,2
749,,97.0,23343.0,9204.0,12,1
750,,54.0,17456.0,4373.0,14,2
751,115.0,51.0,17485.0,,11,0
752,,46.0,15428.0,2064.0,21,1
753,507.0,97.0,24812.0,,14,0
754,575.0,44.0,24152.0,,13,0
755,,98.0,26204.0,2430.0,23,2
756,888.0,71.0,14814.0,,11,0
757,580.0,39.0,20460.0,4877.0,21,1
758,671.0,85.0,26493.0,,17,3
759,567.0,32.0,17218.0,3760.0,13,0
760,311.0,77.0,10950.0,2013.0,11,0
761,148.0,42.0,23826.0,,22,0
762,1395.0,48.0,3458.0,,15,0
763,1278.0,31.0,7677.0,,14,2
764,581.0,62.0,17616.0,,16,1
765,1082.0,43.0,25412.0,2974.0,17,1
766,371.0,80.0,3840.0,,13,1
767,855.0,57.0,8952.0,2766.0,22,3
768,548.0,94.0,20520.0,,20,2
769,429.0,99.0,11092.0,,12,3
770,1181.0,82.0,5531.0,,11,1
771,1253.0,65.0,7914.0,,21,0
772,616.0,99.0,25605.0,3377.0,17,1
773,370.0,58.0,4992.0,4213.0,15,0
774,1194.0,52.0,9060.0,6513.0,17,1
775,572.0,46.0,9125.0,,13,0
776,355.0,38.0,6161.0,,22,2
777,1480.0,64.0,24444.0,,13,3
778,783.0,78.0,13588.0,4284.0,22,1
779,1354.0,41.0,6073.0,2226.0,11,1
780,682.0,71.0,15975.0,5561.0,16,1
781,1103.0,49.0,2122.0,2144.0,14,0
782,136.0,89.0,6225.0,5373.0,12,1
783,155.0,67.0,22474.0,2897.0,11,2
784,771.0,45.0,14120.0,,12,0
785,508.0,72.0,14284.0,5321.0,11,1
786,557.0,35.0,11189.0,5410.0,17,1
787,642.0,76.0,21412.0,2782.0,22,1
788,1382.0,85.0,13684.0,,22,1
789,1037.0,42.0,13422.0,,12,0
790,878.0,94.0,14255.0,,12,2
791,1120.0,100.0,14369.0,,13,1
792,374.0,50.0,23333.0,4850.0,15,0
793,1194.0,98.0,12549.0,2001.0,14,3
794,287.0,62.0,8952.0,,12,1
795,,46.0,23679.0,,13,1
796,,82.0,10228.0,4404.0,12,0
797,591.0,40.0,16632.0,,12,1
798,670.0,,15170.0,,17,1
799,1346.0,93.0,8758.0,,11,1
800,103.0,50.0,12947.0,,14,0
801,334.0,80.0,15053.0,,12,2
802,371.0,45.0,4306.0,3944.0,11,0
803,673.0,96.0,8232.0,,18,1
804,699.0,83.0,17102.0,2960.0,11,0
805,,72.0,4681.0,,22,0
806,705.0,83.0,22822.0,18947.0,12,0
807,1459.0,41.0,19121.0,6465.0,13,0
808,,86.0,3810.0,2683.0,14,0
809,890.0,97.0,9687.0,2014.0,13,0
810,1434.0,50.0,11179.0,3441.0,13,0
811,1443.0,47.0,21436.0,,19,1
812,1142.0,30.0,16002.0,,15,1
813,664.0,79.0,5868.0,,13,1
814,397.0,30.0,25258.0,13664.0,13,0
815,,80.0,10425.0,5021.0,22,1
816,1153.0,94.0,17736.0,,15,0
817,432.0,96.0,18725.0,,23,2
818,1353.0,33.0,17519.0,,21,1
819,489.0,,25043.0,,12,1
820,807.0,63.0,23648.0,,22,0
821,1420.0,32.0,21922.0,18844.0,21,1
822,1280.0,,26897.0,,11,2
823,957.0,72.0,16090.0,4739.0,12,0
824,809.0,77.0,6645.0,,11,0
825,542.0,71.0,24788.0,,11,1
826,216.0,84.0,2819.0,,20,2
827,1150.0,53.0,25150.0,10650.0,15,0
828,,41.0,24835.0,,18,0
829,364.0,32.0,2302.0,4317.0,20,0
830,201.0,84.0,10415.0,,14,1
831,1256.0,80.0,11992.0,,24,2
832,691.0,57.0,5970.0,2024.0,18,1
833,440.0,42.0,6672.0,,11,1
834,1157.0,51.0,13364.0,3058.0,16,1
835,713.0,67.0,13939.0,,18,1
836,,75.0,6319.0,,12,0
837,140.0,95.0,6984.0,3929.0,23,1
838,629.0,95.0,5711.0,,15,0
839,328.0,86.0,3425.0,,15,1
840,1084.0,,26250.0,,11,2
841,,37.0,15986.0,4425.0,11,0
842,472.0,60.0,9679.0,,19,1
843,905.0,99.0,16523.0,,15,1
844,1136.0,60.0,12392.0,2328.0,16,1
845,1151.0,63.0,14242.0,,14,1
846,644.0,,12368.0,,16,1
847,1005.0,88.0,8556.0,2657.0,11,0
848,992.0,85.0,19757.0,,14,0
849,1147.0,52.0,17011.0,5940.0,14,1
850,147.0,47.0,13248.0,2622.0,21,0
851,1323.0,89.0,3300.0,3212.0,15,0
852,818.0,,25657.0,,17,0
853,515.0,62.0,9571.0,,14,0
854,1431.0,96.0,15417.0,,14,3
855,976.0,100.0,12069.0,,18,0
856,1327.0,73.0,13523.0,,12,1
857,832.0,63.0,14776.0,2911.0,13,1
858,1199.0,77.0,5118.0,,17,1
859,916.0,82.0,23016.0,,13,0
860,1247.0,45.0,10732.0,6931.0,14,1
861,685.0,62.0,7505.0,,12,2
862,128.0,84.0,19737.0,2176.0,13,0
863,1158.0,94.0,2613.0,,23,1
864,996.0,100.0,10531.0,3230.0,17,0
865,728.0,80.0,11677.0,,18,2
866,688.0,82.0,18899.0,,14,1
867,1449.0,45.0,14180.0,,13,1
868,636.0,,25594.0,18665.0,11,0
869,444.0,84.0,3909.0,2789.0,11,1
870,889.0,53.0,11411.0,,12,3
871,691.0,86.0,10077.0,,12,1
872,106.0,62.0,17822.0,6410.0,12,0
873,,32.0,7747.0,,18,1
874,723.0,85.0,17747.0,4941.0,15,0
875,1157.0,84.0,24737.0,,13,0
876,1482.0,42.0,16375.0,,11,1
877,738.0,30.0,7621.0,3983.0,17,0
878,1192.0,61.0,23177.0,6347.0,16,2
879,1309.0,83.0,16092.0,2904.0,12,2
880,544.0,52.0,24017.0,2696.0,11,1
881,641.0,85.0,6069.0,,12,1
882,756.0,99.0,9150.0,2174.0,11,0
883,593.0,88.0,2967.0,6755.0,11,0
884,895.0,39.0,2851.0,,24,0
885,408.0,42.0,7551.0,2657.0,16,0
886,1283.0,54.0,18168.0,,16,0
887,1469.0,82.0,17881.0,,11,1
888,1261.0,31.0,12066.0,10965.0,24,0
889,329.0,96.0,11868.0,2543.0,13,1
890,1362.0,67.0,4652.0,5304.0,13,0
891,1371.0,77.0,5915.0,,12,1
892,201.0,,20490.0,,16,1
893,821.0,86.0,8509.0,19406.0,11,1
894,1381.0,72.0,12740.0,6538.0,15,1
895,313.0,61.0,15238.0,2258.0,20,1
896,1473.0,74.0,2227.0,,14,0
897,329.0,98.0,16193.0,2218.0,12,1
898,688.0,91.0,9396.0,,13,1
899,192.0,69.0,9655.0,2654.0,21,2
900,1490.0,,10310.0,,13,0
901,296.0,33.0,12253.0,,16,1
902,1349.0,90.0,3032.0,,22,2
903,986.0,93.0,21526.0,11935.0,18,0
904,408.0,71.0,18300.0,2546.0,16,0
905,1009.0,51.0,2288.0,17861.0,13,0
906,1125.0,94.0,11563.0,,19,1
907,413.0,57.0,18398.0,,14,0
908,988.0,43.0,11533.0,,15,3
909,1474.0,97.0,9260.0,,17,1
910,1368.0,99.0,9129.0,3894.0,16,0
911,232.0,34.0,22645.0,4262.0,12,2
912,1034.0,86.0,8984.0,10527.0,11,0
913,1474.0,,23914.0,,12,0
914,,38.0,5530.0,2400.0,13,2
915,538.0,54.0,14004.0,3681.0,14,0
916,622.0,81.0,5718.0,,13,2
917,1236.0,40.0,17997.0,,11,1
918,1112.0,50.0,26894.0,,11,0
919,204.0,31.0,2912.0,,18,2
920,1343.0,49.0,24444.0,3447.0,11,0
921,1315.0,35.0,9358.0,19513.0,12,1
922,,69.0,12145.0,,20,0
923,991.0,71.0,17759.0,2659.0,13,1
924,913.0,48.0,13934.0,8847.0,11,1
925,1115.0,54.0,15174.0,2045.0,13,0
926,885.0,58.0,8544.0,,16,1
927,810.0,57.0,15678.0,4851.0,22,1
928,817.0,56.0,18597.0,8120.0,12,0
929,693.0,65.0,24785.0,4577.0,14,0
930,1179.0,84.0,11924.0,5405.0,14,0
931,316.0,54.0,9983.0,,15,1
932,381.0,49.0,2104.0,3708.0,14,0
933,217.0,49.0,10225.0,13770.0,12,2
934,933.0,57.0,20366.0,,12,0
935,775.0,47.0,23683.0,,18,1
936,804.0,86.0,22929.0,,20,0
937,1090.0,83.0,17967.0,2297.0,14,2
938,346.0,86.0,10919.0,2450.0,17,0
939,310.0,79.0,19630.0,,18,0
940,725.0,78.0,21199.0,,13,1
941,575.0,71.0,5288.0,,14,1
942,182.0,72.0,13551.0,,16,0
943,829.0,84.0,24008.0,4342.0,19,1
944,384.0,72.0,20317.0,2572.0,16,1
945,921.0,38.0,24375.0,,21,2
946,1111.0,93.0,13305.0,6500.0,17,1
947,1325.0,82.0,21821.0,3149.0,20,1
948,118.0,69.0,26507.0,5324.0,15,0
949,1258.0,40.0,13301.0,,13,0
950,890.0,,16374.0,4382.0,17,0
951,1041.0,36.0,25527.0,,13,1
952,702.0,100.0,8306.0,2553.0,16,0
953,829.0,,2243.0,,19,1
954,625.0,50.0,5197.0,5933.0,12,0
955,,73.0,9250.0,4403.0,11,1
956,661.0,78.0,20715.0,10934.0,18,1
957,,,19146.0,,22,2
958,986.0,62.0,5044.0,,24,1
959,,96.0,16612.0,2022.0,19,1
960,583.0,87.0,18154.0,4256.0,12,0
961,1418.0,36.0,10554.0,3580.0,16,1
962,1269.0,,10778.0,,17,0
963,395.0,98.0,12102.0,2899.0,19,1
964,341.0,48.0,23522.0,,19,3
965,,33.0,21782.0,5562.0,13,1
966,821.0,98.0,24252.0,,14,0
967,500.0,49.0,22052.0,,13,0
968,1454.0,65.0,13137.0,,18,0
969,617.0,34.0,10022.0,,19,1
970,995.0,77.0,9834.0,2377.0,18,1
971,1122.0,70.0,4303.0,2404.0,21,0
972,1198.0,100.0,3339.0,2799.0,11,0
973,188.0,65.0,23293.0,,18,0
974,1219.0,86.0,6179.0,,16,0
975,335.0,46.0,10322.0,,22,0
976,461.0,53.0,17241.0,3452.0,18,0
977,1134.0,37.0,12086.0,2811.0,14,1
978,138.0,48.0,11539.0,,11,0
979,1206.0,41.0,24117.0,4377.0,15,2
980,622.0,39.0,10074.0,,24,1
981,109.0,60.0,25725.0,,17,0
982,277.0,97.0,13119.0,4240.0,13,0
983,549.0,42.0,23371.0,,14,0
984,1055.0,47.0,4658.0,4227.0,18,1
985,802.0,45.0,9541.0,3917.0,20,1
986,265.0,79.0,21813.0,4969.0,18,0
987,1038.0,,21437.0,,19,0
988,342.0,57.0,15346.0,2042.0,14,1
989,1186.0,44.0,2997.0,2821.0,16,1
990,430.0,40.0,21445.0,,17,2
991,769.0,54.0,17205.0,,14,0
992,1176.0,85.0,9096.0,9957.0,15,1
993,1277.0,87.0,5869.0,,19,3
994,1091.0,65.0,15813.0,,18,1
995,654.0,34.0,21214.0,,15,1
996,895.0,50.0,22482.0,2207.0,16,1
997,618.0,45.0,22266.0,7756.0,17,0
998,1017.0,55.0,2993.0,,20,0
999,970.0,30.0,13401.0,,17,1
1000,984.0,70.0,25326.0,2070.0,11,0
1001,793.0,67.0,21981.0,2791.0,12,1
1002,1182.0,54.0,18500.0,,11,1
1003,1003.0,95.0,15834.0,,11,0
1004,603.0,77.0,18385.0,8224.0,17,0
1005,874.0,72.0,6233.0,2610.0,12,1
1006,367.0,52.0,17171.0,5731.0,13,2
1007,199.0,55.0,7950.0,2539.0,13,1
1008,,,26537.0,2376.0,13,1
1009,718.0,92.0,18575.0,,13,1
1010,1457.0,83.0,20100.0,,19,1
1011,805.0,87.0,12828.0,,12,0
1012,1421.0,30.0,9490.0,,22,1
1013,1450.0,52.0,10849.0,19081.0,11,1
1014,116.0,77.0,7331.0,2743.0,20,1
1015,1212.0,78.0,13755.0,,11,1
1016,1010.0,97.0,5598.0,3760.0,15,3
1017,,45.0,25308.0,,20,0
1018,131.0,86.0,6039.0,4538.0,12,0
1019,791.0,44.0,6842.0,,11,0
1020,735.0,66.0,6020.0,,14,0
1021,193.0,52.0,14222.0,3867.0,12,1
1022,640.0,84.0,4732.0,2080.0,11,0
1023,266.0,40.0,18830.0,2096.0,18,0
1024,848.0,88.0,26076.0,,12,2
1025,,93.0,22154.0,3904.0,13,0
1026,1138.0,48.0,23631.0,4627.0,12,1
1027,,43.0,22422.0,,11,0
1028,256.0,40.0,22074.0,,13,0
1029,,54.0,8319.0,2302.0,11,0
1030,935.0,89.0,14669.0,,12,0
1031,458.0,74.0,8532.0,,16,1
1032,882.0,67.0,9075.0,,11,3
1033,329.0,88.0,6762.0,,22,1
1034,,82.0,24439.0,,16,0
1035,793.0,43.0,20392.0,5071.0,20,0
1036,662.0,67.0,23288.0,,18,1
1037,693.0,57.0,15748.0,,11,3
1038,,98.0,21057.0,,15,2
1039,541.0,52.0,15395.0,10596.0,11,0
1040,1200.0,75.0,13953.0,5467.0,14,2
1041,499.0,36.0,20497.0,,13,3
1042,1372.0,93.0,12477.0,,11,0
1043,,98.0,7100.0,5769.0,11,0
1044,,51.0,25681.0,2394.0,13,0
1045,1462.0,94.0,19106.0,3629.0,18,0
1046,200.0,60.0,19944.0,9362.0,11,0
1047,949.0,81.0,4910.0,3229.0,11,1
1048,,73.0,12761.0,,14,2
1049,182.0,93.0,8847.0,16422.0,11,0
1050,329.0,98.0,13494.0,5647.0,13,2
1051,383.0,68.0,15182.0,4400.0,12,0
1052,1255.0,90.0,10494.0,2066.0,22,1
1053,,90.0,5561.0,,12,0
1054,1398.0,96.0,24609.0,,18,0
1055,523.0,94.0,21081.0,,13,1
1056,1221.0,96.0,24795.0,5486.0,11,3
1057,1107.0,52.0,3072.0,,15,0
1058,981.0,90.0,7973.0,3162.0,14,0
1059,1495.0,96.0,21534.0,6651.0,14,1
1060,1467.0,49.0,21158.0,3420.0,13,0
1061,1496.0,92.0,15747.0,2909.0,15,1
1062,1193.0,86.0,19719.0,,18,0
1063,1229.0,30.0,16143.0,,16,0
1064,467.0,55.0,11827.0,4898.0,14,0
1065,271.0,43.0,23070.0,,25,1
1066,410.0,97.0,4668.0,3180.0,13,3
1067,495.0,64.0,21072.0,11244.0,25,0
1068,561.0,33.0,4156.0,,12,0
1069,1142.0,72.0,8841.0,4069.0,18,0
1070,1157.0,70.0,17001.0,,21,0
1071,1242.0,46.0,10589.0,6392.0,13,1
1072,1288.0,33.0,17799.0,,12,1
1073,903.0,81.0,7653.0,4855.0,11,2
1074,1108.0,65.0,16530.0,,12,1
1075,1351.0,45.0,13008.0,,17,1
1076,437.0,90.0,16379.0,,12,0
1077,,51.0,4223.0,,16,0
1078,977.0,45.0,12826.0,,16,1
1079,1302.0,80.0,19711.0,,13,1
1080,653.0,92.0,15332.0,,14,1
1081,457.0,85.0,10293.0,,14,0
1082,634.0,35.0,18783.0,3312.0,17,2
1083,715.0,54.0,21602.0,,13,0
1084,559.0,76.0,12421.0,,12,2
1085,546.0,97.0,26009.0,3117.0,18,0
1086,1176.0,,5220.0,,11,1
1087,711.0,81.0,3140.0,,13,0
1088,448.0,84.0,19948.0,,15,0
1089,365.0,89.0,5602.0,15202.0,25,1
1090,763.0,59.0,22098.0,,14,2
1091,486.0,86.0,22490.0,,17,0
1092,591.0,87.0,6297.0,2580.0,13,0
1093,1329.0,,3339.0,2166.0,14,0
1094,469.0,42.0,23413.0,,11,0
1095,711.0,42.0,22792.0,,12,2
1096,301.0,72.0,3498.0,,16,2
1097,1141.0,31.0,13251.0,,19,0
1098,894.0,33.0,15411.0,4374.0,15,0
1099,392.0,93.0,3921.0,5505.0,14,2
1100,,74.0,24941.0,2587.0,16,1
1101,1225.0,47.0,21086.0,15972.0,14,3
1102,727.0,54.0,21082.0,,11,0
1103,1351.0,80.0,7419.0,,14,2
1104,528.0,44.0,4167.0,,18,3
1105,1441.0,94.0,23737.0,,12,1
1106,427.0,99.0,25103.0,,21,1
1107,390.0,62.0,6217.0,2305.0,15,3
1108,585.0,,17360.0,3433.0,13,1
1109,741.0,69.0,18103.0,3477.0,14,1
1110,552.0,60.0,20794.0,,19,1
1111,506.0,91.0,3622.0,3907.0,13,3
1112,1456.0,96.0,8658.0,,13,3
1113,160.0,51.0,12862.0,,13,0
1114,897.0,59.0,2097.0,,14,1
1115,600.0,,9732.0,,11,1
1116,1003.0,51.0,20943.0,,19,1
1117,1054.0,67.0,6152.0,3445.0,11,0
1118,428.0,,14630.0,2760.0,13,0
1119,461.0,70.0,23060.0,6294.0,12,0
1120,661.0,60.0,22308.0,,20,3
1121,511.0,32.0,25353.0,,12,0
1122,942.0,53.0,22984.0,13116.0,11,0
1123,589.0,46.0,8800.0,,14,2
1124,849.0,98.0,25166.0,,15,0
1125,343.0,52.0,24978.0,,13,0
1126,,85.0,15530.0,,12,0
1127,1125.0,,8277.0,,14,2
1128,1217.0,67.0,12719.0,3591.0,25,1
1129,723.0,77.0,4244.0,5405.0,20,2
1130,1216.0,87.0,21624.0,,14,0
1131,350.0,56.0,3157.0,,15,3
1132,207.0,64.0,5411.0,2105.0,12,0
1133,280.0,43.0,10494.0,,15,1
1134,414.0,82.0,26186.0,,12,0
1135,,41.0,5141.0,3902.0,14,3
1136,836.0,98.0,7975.0,2662.0,20,1
1137,592.0,59.0,19384.0,2062.0,14,0
1138,219.0,44.0,25388.0,,11,0
1139,967.0,85.0,14460.0,,23,1
1140,,,10261.0,2587.0,16,0
1141,335.0,33.0,16822.0,5507.0,16,2
1142,1079.0,86.0,20115.0,,11,1
1143,735.0,75.0,16495.0,8103.0,12,0
1144,471.0,62.0,16031.0,3978.0,12,1
1145,,44.0,14511.0,5399.0,12,0
1146,1251.0,32.0,3987.0,,19,1
1147,1206.0,71.0,14293.0,,19,2
1148,976.0,48.0,3995.0,,13,1
1149,1168.0,66.0,5843.0,10448.0,13,0
1150,1444.0,,5224.0,,11,1
1151,,77.0,25198.0,4440.0,19,0
1152,571.0,78.0,13672.0,,13,0
1153,977.0,57.0,7298.0,,19,1
1154,1154.0,54.0,6393.0,,19,1
1155,1490.0,43.0,20232.0,2660.0,11,1
1156,581.0,63.0,17624.0,3375.0,12,0
1157,267.0,49.0,15919.0,,13,0
1158,234.0,68.0,18024.0,2269.0,14,1
1159,501.0,58.0,25479.0,,11,0
1160,688.0,97.0,9192.0,,13,3
1161,1092.0,36.0,26124.0,4787.0,14,3
1162,529.0,78.0,11288.0,,14,0
1163,1322.0,52.0,2725.0,2809.0,14,0
1164,1199.0,80.0,24594.0,,14,2
1165,410.0,39.0,16586.0,10854.0,13,1
1166,1167.0,30.0,21378.0,,18,0
1167,884.0,41.0,12290.0,2571.0,17,1
1168,155.0,87.0,5174.0,6142.0,20,1
1169,924.0,78.0,6670.0,2496.0,11,0
1170,852.0,82.0,13072.0,3419.0,14,1
1171,1082.0,87.0,18775.0,2501.0,17,0
1172,,100.0,19299.0,,14,1
1173,1450.0,79.0,25326.0,2566.0,15,1
1174,134.0,90.0,10515.0,,14,0
1175,635.0,73.0,7703.0,,13,0
1176,1017.0,83.0,18697.0,3920.0,14,1
1177,1311.0,,26062.0,,20,0
1178,1302.0,,16321.0,,18,1
1179,1091.0,90.0,17810.0,13964.0,12,0
1180,755.0,97.0,19394.0,6540.0,19,0
1181,253.0,43.0,24440.0,2244.0,13,1
1182,922.0,95.0,22578.0,16184.0,19,1
1183,1365.0,46.0,11512.0,4233.0,17,0
1184,306.0,100.0,5630.0,,14,2
1185,970.0,59.0,13514.0,14814.0,19,0
1186,970.0,96.0,7360.0,,11,0
1187,,94.0,5200.0,17159.0,24,1
1188,1169.0,63.0,23965.0,,13,1
1189,1271.0,35.0,9068.0,,14,0
1190,618.0,76.0,17808.0,2318.0,19,0
1191,1469.0,,25063.0,3617.0,14,1
1192,625.0,46.0,14922.0,,11,0
1193,1404.0,84.0,18203.0,,15,1
1194,1391.0,66.0,12127.0,2684.0,17,1
1195,216.0,75.0,12278.0,,11,1
1196,1333.0,87.0,18410.0,,19,1
1197,1464.0,62.0,12853.0,19237.0,11,1
1198,1330.0,37.0,19373.0,2377.0,20,1
1199,773.0,39.0,22088.0,,14,1
1200,1485.0,79.0,22955.0,,11,0
1201,902.0,92.0,21203.0,4422.0,13,1
1202,645.0,54.0,7172.0,2552.0,25,0
1203,654.0,43.0,5050.0,2678.0,17,0
1204,107.0,84.0,11591.0,,12,1
1205,504.0,96.0,6148.0,,25,0
1206,326.0,48.0,16490.0,5171.0,17,0
1207,634.0,95.0,25927.0,11916.0,23,2
1208,1448.0,55.0,14720.0,9380.0,18,2
1209,896.0,68.0,8045.0,,14,1
1210,1358.0,96.0,2939.0,,15,2
1211,,57.0,10036.0,,14,3
1212,824.0,67.0,15624.0,5878.0,12,1
1213,329.0,51.0,7324.0,,17,3
1214,1313.0,,8191.0,,12,0
1215,594.0,75.0,15963.0,2468.0,14,1
1216,734.0,46.0,14218.0,,17,1
1217,234.0,93.0,6208.0,,17,1
1218,766.0,83.0,19188.0,4127.0,18,1
1219,920.0,69.0,6889.0,2148.0,11,0
1220,431.0,68.0,15696.0,,15,1
1221,1213.0,94.0,4223.0,3886.0,21,0
1222,238.0,47.0,15318.0,,14,0
1223,1146.0,,16542.0,6667.0,18,1
1224,1404.0,32.0,18779.0,,12,1
1225,1313.0,59.0,20439.0,,12,3
1226,1373.0,92.0,2396.0,2090.0,15,0
1227,1324.0,81.0,9964.0,,20,3
1228,1358.0,67.0,13335.0,,22,1
1229,1123.0,96.0,7324.0,,13,2
1230,391.0,96.0,19281.0,,14,0
1231,125.0,83.0,16117.0,,13,0
1232,895.0,56.0,3335.0,2086.0,14,1
1233,813.0,61.0,3020.0,,16,1
1234,,75.0,10910.0,1951.0,12,1
1235,1240.0,33.0,19715.0,,13,1
1236,1357.0,48.0,10558.0,,12,0
1237,,73.0,10227.0,3022.0,21,0
1238,1229.0,36.0,4892.0,,19,0
1239,626.0,98.0,19294.0,,13,0
1240,1097.0,79.0,8302.0,,13,1
1241,836.0,,19730.0,,14,3
1242,1339.0,59.0,18787.0,9724.0,17,1
1243,318.0,,21777.0,3388.0,17,1
1244,132.0,55.0,22002.0,3038.0,12,0
1245,193.0,52.0,15067.0,,14,0
1246,111.0,70.0,18092.0,,14,1
1247,541.0,62.0,9518.0,2322.0,13,1
1248,827.0,71.0,15178.0,,13,0
1249,871.0,66.0,19783.0,2926.0,18,0
1250,1040.0,100.0,15850.0,,14,1
1251,,59.0,23785.0,,15,0
1252,1031.0,45.0,15000.0,4505.0,15,1
1253,922.0,39.0,2561.0,2835.0,22,1
1254,528.0,,26820.0,,19,0
1255,,94.0,6961.0,,21,1
1256,,79.0,16102.0,,14,0
1257,1169.0,34.0,13983.0,,17,0
1258,1145.0,75.0,11873.0,,20,1
1259,602.0,100.0,20989.0,,21,0
1260,303.0,,9241.0,,22,0
1261,556.0,50.0,15497.0,,13,0
1262,1261.0,,7259.0,6553.0,14,0
1263,1180.0,70.0,11354.0,6673.0,19,0
1264,896.0,75.0,14674.0,13591.0,18,0
1265,142.0,70.0,8456.0,2177.0,17,1
1266,854.0,68.0,24118.0,19517.0,11,1
1267,1411.0,36.0,19877.0,,16,2
1268,252.0,70.0,15970.0,19202.0,11,1
1269,504.0,61.0,22573.0,10048.0,11,2
1270,833.0,96.0,23231.0,2723.0,11,0
1271,529.0,79.0,14935.0,,11,0
1272,1210.0,78.0,3687.0,6644.0,19,2
1273,1463.0,64.0,14408.0,,21,1
1274,322.0,44.0,19191.0,5605.0,24,1
1275,920.0,43.0,19920.0,3161.0,22,1
1276,506.0,30.0,26285.0,,12,0
1277,,54.0,25233.0,1420.0,13,0
1278,566.0,81.0,7122.0,,18,2
1279,812.0,69.0,9724.0,1200.0,12,0
1280,1162.0,41.0,17778.0,5238.0,18,0
1281,1001.0,43.0,9262.0,9985.0,16,1
1282,1309.0,99.0,25751.0,,19,0
1283,810.0,44.0,15901.0,15992.0,14,0
1284,1062.0,75.0,3956.0,2370.0,13,1
1285,530.0,91.0,23978.0,,21,1
1286,1332.0,98.0,17078.0,6781.0,23,0
1287,845.0,45.0,15276.0,6653.0,15,0
1288,350.0,34.0,9150.0,2851.0,13,0
1289,1144.0,30.0,16044.0,5258.0,14,0
1290,156.0,90.0,25422.0,,15,0
1291,202.0,72.0,17434.0,2476.0,18,1
1292,464.0,40.0,3427.0,2285.0,23,0
1293,1305.0,49.0,21123.0,4197.0,12,0
1294,555.0,78.0,13436.0,3448.0,22,1
1295,1300.0,79.0,13535.0,4558.0,12,1
1296,1490.0,42.0,12106.0,1702.0,23,1
1297,489.0,,18437.0,2564.0,12,0
1298,210.0,56.0,22102.0,,12,1
1299,983.0,65.0,7389.0,5070.0,13,3
1300,548.0,42.0,23428.0,3780.0,11,0
1301,534.0,66.0,22908.0,9824.0,12,0
1302,1306.0,69.0,8059.0,1878.0,14,0
1303,1094.0,58.0,11373.0,,15,1
1304,775.0,45.0,4267.0,,12,2
1305,471.0,66.0,23213.0,2340.0,18,0
1306,1495.0,76.0,22174.0,,19,1
1307,823.0,94.0,9100.0,2127.0,21,1
1308,448.0,74.0,14470.0,2033.0,18,1
1309,558.0,75.0,3010.0,9602.0,11,1
1310,959.0,83.0,11757.0,,13,0
1311,782.0,50.0,2671.0,16627.0,14,1
1312,362.0,,14561.0,,17,0
1313,1216.0,39.0,20431.0,,12,0
1314,160.0,71.0,22653.0,2083.0,20,1
1315,,62.0,3487.0,,14,1
1316,1362.0,32.0,26999.0,1009.0,11,0
1317,727.0,41.0,16900.0,,18,2
1318,1225.0,80.0,15232.0,,17,0
1319,168.0,81.0,15397.0,7861.0,14,0
1320,1396.0,,2755.0,2642.0,11,0
1321,1225.0,61.0,4761.0,,11,1
1322,268.0,92.0,20471.0,,13,1
1323,167.0,32.0,4187.0,5121.0,14,1
1324,1243.0,,3445.0,,21,2
1325,1092.0,60.0,26551.0,2694.0,11,3
1326,805.0,36.0,6689.0,,11,1
1327,720.0,51.0,11983.0,5094.0,14,0
1328,,52.0,20234.0,,24,0
1329,252.0,95.0,6153.0,2274.0,14,0
1330,443.0,50.0,16571.0,,11,3
1331,342.0,66.0,24558.0,,19,2
1332,300.0,61.0,9148.0,2314.0,12,1
1333,868.0,73.0,22789.0,,14,1
1334,1252.0,32.0,4814.0,,13,0
1335,374.0,87.0,18016.0,,24,0
1336,781.0,57.0,13384.0,2380.0,14,1
1337,177.0,55.0,23814.0,,21,1
1338,1427.0,65.0,8870.0,,19,0
1339,546.0,83.0,6896.0,2008.0,14,2
1340,1272.0,37.0,9255.0,10552.0,13,1
1341,,51.0,5543.0,2259.0,17,2
1342,1184.0,70.0,3974.0,,20,0
1343,867.0,36.0,18798.0,2413.0,18,3
1344,658.0,67.0,20652.0,,12,1
1345,419.0,37.0,9947.0,2121.0,13,0
1346,129.0,84.0,13008.0,,19,0
1347,1069.0,42.0,12291.0,,14,0
1348,289.0,51.0,26227.0,2479.0,24,0
1349,1479.0,100.0,17071.0,13194.0,16,0
1350,906.0,92.0,11479.0,,20,0
1351,955.0,83.0,8571.0,4163.0,17,0
1352,287.0,73.0,13493.0,,15,0
1353,1097.0,98.0,18275.0,2600.0,15,0
1354,265.0,90.0,7770.0,18303.0,13,0
1355,804.0,64.0,20165.0,2380.0,18,0
1356,1141.0,61.0,14382.0,4777.0,15,0
1357,,42.0,4981.0,,12,0
1358,660.0,81.0,7858.0,,14,1
1359,1144.0,74.0,23384.0,1052.0,22,0
1360,415.0,,5268.0,,13,1
1361,1334.0,36.0,17258.0,,13,0
1362,1323.0,34.0,10332.0,2461.0,12,3
1363,309.0,88.0,24223.0,,14,3
1364,1009.0,45.0,7160.0,2596.0,15,2
1365,,81.0,17251.0,4728.0,14,0
1366,697.0,40.0,22478.0,,17,3
1367,130.0,32.0,20619.0,7351.0,16,0
1368,188.0,56.0,9558.0,,19,0
1369,247.0,80.0,13556.0,,12,0
1370,167.0,46.0,9051.0,4766.0,11,1
1371,982.0,58.0,16340.0,2258.0,12,1
1372,862.0,76.0,14947.0,2827.0,12,3
1373,1256.0,48.0,4223.0,2853.0,11,1
1374,111.0,74.0,4279.0,2290.0,13,0
1375,906.0,95.0,20293.0,2107.0,17,1
1376,1184.0,62.0,25440.0,,12,3
1377,984.0,97.0,3372.0,2210.0,13,1
1378,458.0,60.0,23281.0,13191.0,17,0
1379,1098.0,85.0,12124.0,,13,1
1380,969.0,76.0,16620.0,,11,0
1381,1329.0,82.0,4204.0,,11,2
1382,715.0,76.0,8733.0,18265.0,12,0
1383,1320.0,89.0,21643.0,,17,0
1384,265.0,57.0,21221.0,,12,0
1385,373.0,47.0,16901.0,,22,1
1386,599.0,73.0,8040.0,1118.0,14,0
1387,603.0,78.0,5628.0,2372.0,16,0
1388,968.0,40.0,4257.0,2838.0,14,0
1389,364.0,,13035.0,18061.0,22,0
1390,1291.0,98.0,6527.0,,14,1
1391,1124.0,97.0,19305.0,1611.0,15,0
1392,703.0,90.0,11882.0,,14,0
1393,,50.0,16154.0,,12,0
1394,202.0,34.0,22262.0,,12,0
1395,1377.0,91.0,7679.0,,14,0
1396,592.0,54.0,17181.0,,23,0
1397,383.0,79.0,9282.0,4768.0,12,1
1398,990.0,,7152.0,1274.0,13,2
1399,660.0,76.0,16192.0,2404.0,13,1
1400,381.0,89.0,16998.0,,11,0
1401,830.0,78.0,7103.0,2033.0,13,1
1402,289.0,,5355.0,2561.0,11,0
1403,1423.0,72.0,12530.0,1563.0,14,1
1404,516.0,69.0,22049.0,6388.0,17,0
1405,1089.0,32.0,9150.0,8376.0,18,0
1406,1210.0,68.0,24052.0,4841.0,14,1
1407,598.0,91.0,22376.0,,18,2
1408,992.0,68.0,21731.0,,19,0
1409,104.0,69.0,26619.0,2074.0,12,1
1410,479.0,35.0,22061.0,2972.0,13,0
1411,474.0,89.0,11133.0,,21,0
1412,884.0,73.0,21447.0,6815.0,13,0
1413,264.0,59.0,19519.0,,16,1
1414,1059.0,93.0,26362.0,,22,0
1415,1349.0,63.0,7713.0,2690.0,18,1
1416,563.0,56.0,3156.0,17567.0,15,0
1417,544.0,70.0,18420.0,1569.0,12,0
1418,991.0,43.0,3356.0,4187.0,13,1
1419,1112.0,67.0,22589.0,,11,2
1420,1206.0,80.0,11591.0,,16,0
1421,1495.0,87.0,26176.0,3306.0,19,1
1422,1259.0,95.0,24852.0,1393.0,12,0
1423,,92.0,20467.0,10883.0,20,1
1424,240.0,58.0,11585.0,,11,1
1425,369.0,92.0,5041.0,,16,1
1426,793.0,33.0,3811.0,2862.0,12,1
1427,543.0,87.0,3536.0,,11,1
1428,964.0,,12147.0,6735.0,15,0
1429,176.0,56.0,6595.0,9756.0,21,2
1430,181.0,97.0,5586.0,,14,3
1431,211.0,74.0,10092.0,,20,0
1432,1079.0,70.0,19002.0,,13,3
1433,590.0,91.0,10007.0,,13,1
1434,305.0,58.0,9128.0,5294.0,16,1
1435,833.0,60.0,24539.0,,16,1
1436,807.0,38.0,15587.0,2437.0,16,1
1437,478.0,60.0,19805.0,,12,3
1438,337.0,31.0,4567.0,,13,0
1439,1294.0,79.0,15999.0,,17,0
1440,1239.0,89.0,12832.0,4071.0,13,0
1441,1128.0,95.0,5696.0,,18,2
1442,1431.0,33.0,8018.0,,16,0
1443,359.0,89.0,21495.0,2956.0,17,0
1444,430.0,73.0,19573.0,,22,1
1445,1318.0,79.0,26075.0,4648.0,13,0
1446,726.0,93.0,21143.0,,17,2
1447,1142.0,,13624.0,,13,0
1448,352.0,87.0,15434.0,2804.0,11,0
1449,,73.0,14753.0,2439.0,24,0
1450,1172.0,78.0,3692.0,2856.0,19,1
1451,945.0,89.0,16019.0,,13,0
1452,391.0,75.0,26092.0,,23,0
1453,482.0,90.0,14908.0,2933.0,13,1
1454,170.0,78.0,9364.0,,15,1
1455,746.0,45.0,10642.0,1091.0,17,0
1456,1475.0,84.0,23352.0,,11,0
1457,1443.0,89.0,20328.0,,16,1
1458,867.0,87.0,12315.0,5151.0,25,1
1459,605.0,72.0,11761.0,,13,1
1460,419.0,77.0,2900.0,,12,2
1461,1337.0,58.0,19555.0,2863.0,12,0
1462,1404.0,59.0,11473.0,2858.0,14,0
1463,1373.0,56.0,10138.0,,24,0
1464,1276.0,59.0,17536.0,1129.0,11,3
1465,309.0,82.0,19655.0,,14,0
1466,543.0,83.0,4060.0,,19,2
1467,105.0,87.0,15302.0,19431.0,13,0
1468,638.0,33.0,26956.0,,19,1
1469,1146.0,31.0,16642.0,,16,0
1470,1440.0,55.0,4944.0,2308.0,25,1
1471,1103.0,49.0,2122.0,2144.0,14,0
1472,136.0,89.0,6225.0,5373.0,12,1
1473,147.0,94.0,3465.0,,12,1
1474,119.0,76.0,9647.0,,12,2
1475,1413.0,42.0,6599.0,,14,1
1476,452.0,81.0,18938.0,19045.0,14,0
1477,334.0,88.0,15896.0,16015.0,19,0
1478,1132.0,48.0,10942.0,9613.0,17,3
1479,,92.0,15682.0,11510.0,14,1
1480,982.0,,4345.0,,11,1
1481,480.0,31.0,4156.0,4306.0,12,1
1482,1099.0,88.0,9314.0,17046.0,15,1
1483,1038.0,88.0,21437.0,,19,0
1484,342.0,57.0,15346.0,2042.0,14,1
1485,1186.0,44.0,2997.0,2821.0,16,1
1486,430.0,40.0,21445.0,,17,2
1487,984.0,70.0,25326.0,2070.0,11,0
1488,793.0,67.0,21981.0,2791.0,12,1
1489,1182.0,54.0,18500.0,,11,1
1490,1003.0,95.0,15834.0,,11,0
1491,603.0,77.0,18385.0,8224.0,17,0
1492,874.0,72.0,6233.0,2610.0,12,1
1493,367.0,52.0,17171.0,5731.0,13,2
1494,199.0,55.0,7950.0,2539.0,13,1
1495,,47.0,26537.0,2376.0,13,1
1496,718.0,92.0,18575.0,,13,1
1497,1457.0,83.0,20100.0,,19,1
1498,244.0,97.0,5033.0,3539.0,13,0
1499,196.0,91.0,13402.0,5468.0,14,2
1500,303.0,84.0,13492.0,5813.0,18,0
1501,1180.0,90.0,24442.0,,14,1
1502,1092.0,64.0,2739.0,9667.0,14,0
1503,261.0,66.0,10842.0,,22,1
1504,589.0,67.0,19665.0,5154.0,22,2
1505,1422.0,92.0,19246.0,5675.0,20,1
1506,,64.0,14011.0,7314.0,21,3
1507,1137.0,98.0,18991.0,,11,1
1508,511.0,89.0,26997.0,,14,0
1509,1396.0,83.0,14842.0,,13,1
1510,1096.0,61.0,7102.0,,18,1
1511,,42.0,19255.0,,12,1
1512,691.0,86.0,10077.0,,12,1
1513,106.0,62.0,17822.0,6410.0,12,0
1514,,32.0,7747.0,,18,1
1515,723.0,85.0,17747.0,4941.0,15,0
1516,1157.0,84.0,24737.0,,13,0
1517,1482.0,42.0,16375.0,,11,1
1518,738.0,30.0,7621.0,3983.0,17,0
1519,1192.0,61.0,23177.0,6347.0,16,2
1520,1309.0,83.0,16092.0,2904.0,12,2
1521,544.0,52.0,24017.0,2696.0,11,1
1522,641.0,85.0,6069.0,,12,1
1523,756.0,99.0,9150.0,2174.0,11,0
1524,593.0,88.0,2967.0,6755.0,11,0
1525,895.0,39.0,2851.0,,24,0
1526,408.0,42.0,7551.0,2657.0,16,0
1527,1283.0,54.0,18168.0,,16,0
1528,1469.0,82.0,17881.0,,11,1
1529,1261.0,31.0,12066.0,10965.0,24,0
1530,329.0,96.0,11868.0,2543.0,13,1
1531,1362.0,67.0,4652.0,5304.0,13,0
1532,1371.0,77.0,5915.0,,12,1
1533,201.0,95.0,20490.0,,16,1
1534,821.0,86.0,8509.0,19406.0,11,1
1535,1381.0,72.0,12740.0,6538.0,15,1
1536,313.0,61.0,15238.0,2258.0,20,1
1537,1473.0,74.0,2227.0,,14,0
1538,329.0,98.0,16193.0,2218.0,12,1
1539,688.0,91.0,9396.0,,13,1
1540,192.0,69.0,9655.0,2654.0,21,2
1541,1385.0,79.0,7501.0,,14,0
1542,666.0,88.0,10268.0,,12,1
1543,1315.0,71.0,19100.0,,18,1
1544,442.0,44.0,20260.0,,18,0
1545,147.0,37.0,15972.0,,19,1
1546,950.0,48.0,8450.0,5828.0,12,0
1547,218.0,100.0,12241.0,,11,1
1548,,33.0,10675.0,2455.0,19,0
1549,691.0,73.0,7143.0,,12,3
1550,1018.0,74.0,10557.0,5055.0,16,0
1551,,46.0,4317.0,4682.0,14,0
1552,559.0,82.0,6227.0,5257.0,11,1
1553,318.0,77.0,4759.0,2119.0,11,0
1554,1130.0,56.0,3415.0,,18,1
1555,144.0,39.0,11866.0,,14,2
1556,1319.0,51.0,17001.0,5974.0,13,2
1557,933.0,57.0,20156.0,,17,1
1558,1171.0,46.0,22495.0,,13,1
1559,143.0,56.0,9558.0,,18,0
1560,1178.0,87.0,14862.0,,11,1
1561,1107.0,95.0,26914.0,3034.0,12,1
1562,906.0,86.0,18256.0,13212.0,11,3
1563,645.0,49.0,19566.0,8392.0,16,1
1564,1485.0,87.0,26314.0,,14,1
1565,1116.0,49.0,7181.0,,14,0
1566,1276.0,,14295.0,,12,0
1567,163.0,37.0,19658.0,4051.0,14,1
1568,561.0,61.0,16177.0,4805.0,19,1
1569,426.0,58.0,22808.0,2741.0,11,1
1570,509.0,62.0,2112.0,,17,0
1571,258.0,74.0,19921.0,5337.0,12,0
1572,525.0,66.0,6219.0,,22,2
1573,,72.0,19627.0,,13,1
1574,238.0,34.0,7507.0,,20,0
1575,482.0,36.0,9606.0,9434.0,15,1
1576,397.0,88.0,6729.0,,15,1
1577,243.0,46.0,7791.0,,20,0
1578,806.0,,18959.0,,18,1
1579,1442.0,46.0,17654.0,,14,0
1580,408.0,80.0,20978.0,,11,0
1581,929.0,55.0,21703.0,5396.0,12,0
1582,827.0,33.0,19383.0,,13,0
1583,,68.0,6009.0,,11,0
1584,1018.0,39.0,19373.0,11159.0,15,0
1585,703.0,42.0,11825.0,4960.0,12,0
1586,294.0,32.0,4809.0,8793.0,21,2
1587,314.0,59.0,19562.0,19189.0,12,1
1588,654.0,67.0,3872.0,2216.0,13,0
1589,427.0,63.0,20335.0,11713.0,14,1
1590,501.0,99.0,25275.0,5304.0,23,1
1591,,81.0,20420.0,11103.0,11,0
1592,954.0,46.0,12388.0,6632.0,13,0
1593,1434.0,76.0,14229.0,7587.0,15,0
1594,657.0,66.0,25549.0,4335.0,12,1
1595,240.0,75.0,26085.0,5980.0,12,0
1596,791.0,38.0,9931.0,4244.0,24,1
1597,570.0,66.0,16225.0,,13,1
1598,676.0,35.0,23361.0,5228.0,15,1
1599,,81.0,23779.0,2700.0,24,1
1600,436.0,37.0,21519.0,,16,0
1601,760.0,81.0,3698.0,,20,0
1602,,88.0,20898.0,2366.0,14,1
1603,661.0,61.0,7508.0,,13,0
1604,1085.0,,17725.0,,13,1
1605,154.0,,11737.0,2329.0,15,0
1606,1283.0,52.0,11148.0,4294.0,12,0
1607,616.0,41.0,17369.0,,11,2
1608,498.0,93.0,13554.0,6725.0,12,1
1609,530.0,51.0,5518.0,10325.0,11,1
1610,805.0,57.0,23163.0,4447.0,12,0
1611,903.0,41.0,2560.0,,18,0
1612,1229.0,84.0,25952.0,,13,2
1613,566.0,75.0,24208.0,10845.0,13,1
